Entité;Jo;Match;Date;Heure;EQA_no;EQA_nom;EQB_no;EQB_nom;Set;Score;Total;Salle;Arb1;Arb2;
PTPL44;01;CE2A001;2026-09-25;21:00;0440004;VB MARSIEN 3;0449539;VB MESANGER 2;;;;COMPLEXE PAUL TOUZOT;;;
PTPL44;01;CE2A002;2026-09-24;20:00;0440034;AL MALVILLE 4;0442446;ASPTT 5;;;;COMPLEXE ALICE MILLIAT;;;
PTPL44;01;CE2A003;2026-09-25;20:15;0448335;ST HERBLAIN VB 4;0440049;SEVRE ET LOIRE 4;;;;GYMNASE DE LA BERNARDIERE;;;
PTPL44;01;CE2A004;0000-00-00;00:00;0440018;VBLA 2;;xxxxx;;;;SALLE EUGENE DURAND;;;
PTPL44;01;CE2A005;2026-09-23;20:00;0442442;VLS 2;0446523;SD MAUVES 2;;;;SALLE DE LA MARTELIERE;;;
PTPL44;02;CE2A006;2026-10-01;20:30;0449539;VB MESANGER 2;0446523;SD MAUVES 2;;;;COMPLEXE DES CORNOUAILLES;;;
PTPL44;02;CE2A007;0000-00-00;00:00;;xxxxx;0442442;VLS 2;;;;COMPLEXE SPORTIF SERGE PLÉE;;;
PTPL44;02;CE2A008;2026-10-01;20:30;0440049;SEVRE ET LOIRE 4;0440018;VBLA 2;;;;SALLE DU CHEVALIER;;;
PTPL44;02;CE2A009;2026-09-30;20:00;0442446;ASPTT 5;0448335;ST HERBLAIN VB 4;;;;GYMNASE GRAND CARCOUET;;;
PTPL44;02;CE2A010;2026-10-02;21:00;0440004;VB MARSIEN 3;0440034;AL MALVILLE 4;;;;COMPLEXE PAUL TOUZOT;;;
PTPL44;03;CE2A011;2026-10-08;20:00;0440034;AL MALVILLE 4;0449539;VB MESANGER 2;;;;COMPLEXE ALICE MILLIAT;;;
PTPL44;03;CE2A012;2026-10-09;20:15;0448335;ST HERBLAIN VB 4;0440004;VB MARSIEN 3;;;;GYMNASE DE LA BERNARDIERE;;;
PTPL44;03;CE2A013;2026-10-07;20:30;0440018;VBLA 2;0442446;ASPTT 5;;;;SALLE EUGENE DURAND;;;
PTPL44;03;CE2A014;2026-10-07;20:00;0442442;VLS 2;0440049;SEVRE ET LOIRE 4;;;;SALLE DE LA MARTELIERE;;;
PTPL44;03;CE2A015;0000-00-00;00:00;0446523;SD MAUVES 2;;xxxxx;;;;SALLE ARMAND JOLAINE;;;
PTPL44;04;CE2A016;0000-00-00;00:00;0449539;VB MESANGER 2;;xxxxx;;;;COMPLEXE DES CORNOUAILLES;;;
PTPL44;04;CE2A017;2026-10-15;20:30;0440049;SEVRE ET LOIRE 4;0446523;SD MAUVES 2;;;;SALLE DU CHEVALIER;;;
PTPL44;04;CE2A018;2026-10-14;20:00;0442446;ASPTT 5;0442442;VLS 2;;;;GYMNASE GRAND CARCOUET;;;
PTPL44;04;CE2A019;2026-10-16;21:00;0440004;VB MARSIEN 3;0440018;VBLA 2;;;;COMPLEXE PAUL TOUZOT;;;
PTPL44;04;CE2A020;2026-10-15;20:00;0440034;AL MALVILLE 4;0448335;ST HERBLAIN VB 4;;;;COMPLEXE ALICE MILLIAT;;;
PTPL44;05;CE2A021;2026-11-06;20:15;0448335;ST HERBLAIN VB 4;0449539;VB MESANGER 2;;;;GYMNASE DE LA BERNARDIERE;;;
PTPL44;05;CE2A022;2026-11-04;20:30;0440018;VBLA 2;0440034;AL MALVILLE 4;;;;SALLE EUGENE DURAND;;;
PTPL44;05;CE2A023;2026-11-04;20:00;0442442;VLS 2;0440004;VB MARSIEN 3;;;;SALLE DE LA MARTELIERE;;;
PTPL44;05;CE2A024;2026-11-03;20:30;0446523;SD MAUVES 2;0442446;ASPTT 5;;;;SALLE ARMAND JOLAINE;;;
PTPL44;05;CE2A025;0000-00-00;00:00;;xxxxx;0440049;SEVRE ET LOIRE 4;;;;COMPLEXE SPORTIF SERGE PLÉE;;;
PTPL44;06;CE2A026;2026-11-19;20:30;0449539;VB MESANGER 2;0440049;SEVRE ET LOIRE 4;;;;COMPLEXE DES CORNOUAILLES;;;
PTPL44;06;CE2A027;0000-00-00;00:00;0442446;ASPTT 5;;xxxxx;;;;GYMNASE GRAND CARCOUET;;;
PTPL44;06;CE2A028;2026-11-20;21:00;0440004;VB MARSIEN 3;0446523;SD MAUVES 2;;;;COMPLEXE PAUL TOUZOT;;;
PTPL44;06;CE2A029;2026-11-19;20:00;0440034;AL MALVILLE 4;0442442;VLS 2;;;;COMPLEXE ALICE MILLIAT;;;
PTPL44;06;CE2A030;2026-11-20;20:15;0448335;ST HERBLAIN VB 4;0440018;VBLA 2;;;;GYMNASE DE LA BERNARDIERE;;;
PTPL44;07;CE2A031;2026-11-25;20:30;0440018;VBLA 2;0449539;VB MESANGER 2;;;;SALLE EUGENE DURAND;;;
PTPL44;07;CE2A032;2026-11-25;20:00;0442442;VLS 2;0448335;ST HERBLAIN VB 4;;;;SALLE DE LA MARTELIERE;;;
PTPL44;07;CE2A033;2026-11-24;20:30;0446523;SD MAUVES 2;0440034;AL MALVILLE 4;;;;SALLE ARMAND JOLAINE;;;
PTPL44;07;CE2A034;0000-00-00;00:00;;xxxxx;0440004;VB MARSIEN 3;;;;COMPLEXE SPORTIF SERGE PLÉE;;;
PTPL44;07;CE2A035;2026-11-26;20:30;0440049;SEVRE ET LOIRE 4;0442446;ASPTT 5;;;;SALLE DU CHEVALIER;;;
PTPL44;08;CE2A036;2026-12-03;20:30;0449539;VB MESANGER 2;0442446;ASPTT 5;;;;COMPLEXE DES CORNOUAILLES;;;
PTPL44;08;CE2A037;2026-12-04;21:00;0440004;VB MARSIEN 3;0440049;SEVRE ET LOIRE 4;;;;COMPLEXE PAUL TOUZOT;;;
PTPL44;08;CE2A038;0000-00-00;00:00;0440034;AL MALVILLE 4;;xxxxx;;;;COMPLEXE ALICE MILLIAT;;;
PTPL44;08;CE2A039;2026-12-04;20:15;0448335;ST HERBLAIN VB 4;0446523;SD MAUVES 2;;;;GYMNASE DE LA BERNARDIERE;;;
PTPL44;08;CE2A040;2026-12-02;20:30;0440018;VBLA 2;0442442;VLS 2;;;;SALLE EUGENE DURAND;;;
PTPL44;09;CE2A041;2026-12-09;20:00;0442442;VLS 2;0449539;VB MESANGER 2;;;;SALLE DE LA MARTELIERE;;;
PTPL44;09;CE2A042;2026-12-08;20:30;0446523;SD MAUVES 2;0440018;VBLA 2;;;;SALLE ARMAND JOLAINE;;;
PTPL44;09;CE2A043;0000-00-00;00:00;;xxxxx;0448335;ST HERBLAIN VB 4;;;;COMPLEXE SPORTIF SERGE PLÉE;;;
PTPL44;09;CE2A044;2026-12-10;20:30;0440049;SEVRE ET LOIRE 4;0440034;AL MALVILLE 4;;;;SALLE DU CHEVALIER;;;
PTPL44;09;CE2A045;2026-12-09;20:00;0442446;ASPTT 5;0440004;VB MARSIEN 3;;;;GYMNASE GRAND CARCOUET;;;
